Johnson;johnson-001.jpg;https://github.com/KodoK-Hugues/Workshop/blob/master/photos_Loveson/Johnson/johnson-001.jpg
Johnson;johnson-002.jpg;https://github.com/KodoK-Hugues/Workshop/blob/master/photos_Loveson/Johnson/johnson-002.jpg
Johnson;johnson-003.jpg;https://github.com/KodoK-Hugues/Workshop/blob/master/photos_Loveson/Johnson/johnson-003.jpg
Johnson;johnson-004.jpg;https://github.com/KodoK-Hugues/Workshop/blob/master/photos_Loveson/Johnson/johnson-004.jpg
Johnson;johnson-005.jpg;https://github.com/KodoK-Hugues/Workshop/blob/master/photos_Loveson/Johnson/johnson-005.jpg
Johnson;johnson-006.jpg;https://github.com/KodoK-Hugues/Workshop/blob/master/photos_Loveson/Johnson/johnson-006.jpg
Johnson;johnson-007.jpg;https://github.com/KodoK-Hugues/Workshop/blob/master/photos_Loveson/Johnson/johnson-007.jpg
Johnson;johnson-008.jpg;https://github.com/KodoK-Hugues/Workshop/blob/master/photos_Loveson/Johnson/johnson-008.jpg
Johnson;johnson-009.jpg;https://github.com/KodoK-Hugues/Workshop/blob/master/photos_Loveson/Johnson/johnson-009.jpg
Johnson;johnson-010.jpg;https://github.com/KodoK-Hugues/Workshop/blob/master/photos_Loveson/Johnson/johnson-010.jpg
Johnson;johnson-011.jpg;https://github.com/KodoK-Hugues/Workshop/blob/master/photos_Loveson/Johnson/johnson-011.jpg
Johnson;johnson-012.jpg;https://github.com/KodoK-Hugues/Workshop/blob/master/photos_Loveson/Johnson/johnson-012.jpg
Johnson;johnson-013.jpg;https://github.com/KodoK-Hugues/Workshop/blob/master/photos_Loveson/Johnson/johnson-013.jpg
Johnson;johnson-014.jpg;https://github.com/KodoK-Hugues/Workshop/blob/master/photos_Loveson/Johnson/johnson-014.jpg
Johnson;johnson-015.jpg;https://github.com/KodoK-Hugues/Workshop/blob/master/photos_Loveson/Johnson/johnson-015.jpg
Johnson;johnson-016.jpg;https://github.com/KodoK-Hugues/Workshop/blob/master/photos_Loveson/Johnson/johnson-016.jpg
Johnson;johnson-017.jpg;https://github.com/KodoK-Hugues/Workshop/blob/master/photos_Loveson/Johnson/johnson-017.jpg
Johnson;johnson-018.jpg;https://github.com/KodoK-Hugues/Workshop/blob/master/photos_Loveson/Johnson/johnson-018.jpg
Johnson;johnson-019.jpg;https://github.com/KodoK-Hugues/Workshop/blob/master/photos_Loveson/Johnson/johnson-019.jpg
Johnson;johnson-020.jpg;https://github.com/KodoK-Hugues/Workshop/blob/master/photos_Loveson/Johnson/johnson-020.jpg
Johnson;johnson-021.jpg;https://github.com/KodoK-Hugues/Workshop/blob/master/photos_Loveson/Johnson/johnson-021.jpg
Johnson;johnson-022.jpg;https://github.com/KodoK-Hugues/Workshop/blob/master/photos_Loveson/Johnson/johnson-022.jpg
Johnson;johnson-023.jpg;https://github.com/KodoK-Hugues/Workshop/blob/master/photos_Loveson/Johnson/johnson-023.jpg
Johnson;johnson-024.jpg;https://github.com/KodoK-Hugues/Workshop/blob/master/photos_Loveson/Johnson/johnson-024.jpg
Johnson;johnson-025.jpg;https://github.com/KodoK-Hugues/Workshop/blob/master/photos_Loveson/Johnson/johnson-025.jpg
Johnson;johnson-026.jpg;https://github.com/KodoK-Hugues/Workshop/blob/master/photos_Loveson/Johnson/johnson-026.jpg
Johnson;johnson-027.jpg;https://github.com/KodoK-Hugues/Workshop/blob/master/photos_Loveson/Johnson/johnson-027.jpg
Johnson;johnson-028.jpg;https://github.com/KodoK-Hugues/Workshop/blob/master/photos_Loveson/Johnson/johnson-028.jpg
Johnson;johnson-029.jpg;https://github.com/KodoK-Hugues/Workshop/blob/master/photos_Loveson/Johnson/johnson-029.jpg
Johnson;johnson-030.jpg;https://github.com/KodoK-Hugues/Workshop/blob/master/photos_Loveson/Johnson/johnson-030.jpg
Johnson;johnson-031.jpg;https://github.com/KodoK-Hugues/Workshop/blob/master/photos_Loveson/Johnson/johnson-031.jpg
Lovelace;lovelace-001.jpg;https://github.com/KodoK-Hugues/Workshop/blob/master/photos_Loveson/Lovelace/lovelace-001.jpg
Lovelace;lovelace-002.jpg;https://github.com/KodoK-Hugues/Workshop/blob/master/photos_Loveson/Lovelace/lovelace-002.jpg
Lovelace;lovelace-003.jpg;https://github.com/KodoK-Hugues/Workshop/blob/master/photos_Loveson/Lovelace/lovelace-003.jpg
Lovelace;lovelace-004.jpg;https://github.com/KodoK-Hugues/Workshop/blob/master/photos_Loveson/Lovelace/lovelace-004.jpg
Lovelace;lovelace-005.jpg;https://github.com/KodoK-Hugues/Workshop/blob/master/photos_Loveson/Lovelace/lovelace-005.jpg
Lovelace;lovelace-006.jpg;https://github.com/KodoK-Hugues/Workshop/blob/master/photos_Loveson/Lovelace/lovelace-006.jpg
Lovelace;lovelace-007.jpg;https://github.com/KodoK-Hugues/Workshop/blob/master/photos_Loveson/Lovelace/lovelace-007.jpg
Lovelace;lovelace-008.jpg;https://github.com/KodoK-Hugues/Workshop/blob/master/photos_Loveson/Lovelace/lovelace-008.jpg
Lovelace;lovelace-009.jpg;https://github.com/KodoK-Hugues/Workshop/blob/master/photos_Loveson/Lovelace/lovelace-009.jpg
Lovelace;lovelace-010.jpg;https://github.com/KodoK-Hugues/Workshop/blob/master/photos_Loveson/Lovelace/lovelace-010.jpg
Lovelace;lovelace-011.jpg;https://github.com/KodoK-Hugues/Workshop/blob/master/photos_Loveson/Lovelace/lovelace-011.jpg
Lovelace;lovelace-012.jpg;https://github.com/KodoK-Hugues/Workshop/blob/master/photos_Loveson/Lovelace/lovelace-012.jpg
Lovelace;lovelace-013.jpg;https://github.com/KodoK-Hugues/Workshop/blob/master/photos_Loveson/Lovelace/lovelace-013.jpg
Lovelace;lovelace-014.jpg;https://github.com/KodoK-Hugues/Workshop/blob/master/photos_Loveson/Lovelace/lovelace-014.jpg
Lovelace;lovelace-015.jpg;https://github.com/KodoK-Hugues/Workshop/blob/master/photos_Loveson/Lovelace/lovelace-015.jpg
Lovelace;lovelace-016.jpg;https://github.com/KodoK-Hugues/Workshop/blob/master/photos_Loveson/Lovelace/lovelace-016.jpg
Lovelace;lovelace-017.jpg;https://github.com/KodoK-Hugues/Workshop/blob/master/photos_Loveson/Lovelace/lovelace-017.jpg
Lovelace;lovelace-018.jpg;https://github.com/KodoK-Hugues/Workshop/blob/master/photos_Loveson/Lovelace/lovelace-018.jpg
Lovelace;lovelace-019.jpg;https://github.com/KodoK-Hugues/Workshop/blob/master/photos_Loveson/Lovelace/lovelace-019.jpg
Lovelace;lovelace-020.jpg;https://github.com/KodoK-Hugues/Workshop/blob/master/photos_Loveson/Lovelace/lovelace-020.jpg
Lovelace;lovelace-021.jpg;https://github.com/KodoK-Hugues/Workshop/blob/master/photos_Loveson/Lovelace/lovelace-021.jpg
Lovelace;lovelace-022.jpg;https://github.com/KodoK-Hugues/Workshop/blob/master/photos_Loveson/Lovelace/lovelace-022.jpg
