Lovelace;lovelace-001.jpg;https://github.com/KodoK-Hugues/Workshop/blob/master/photos_Loveson/Lovelace/lovelace-001.jpg
Lovelace;lovelace-002.jpg;https://github.com/KodoK-Hugues/Workshop/blob/master/photos_Loveson/Lovelace/lovelace-002.jpg
Lovelace;lovelace-003.jpg;https://github.com/KodoK-Hugues/Workshop/blob/master/photos_Loveson/Lovelace/lovelace-003.jpg
Lovelace;lovelace-004.jpg;https://github.com/KodoK-Hugues/Workshop/blob/master/photos_Loveson/Lovelace/lovelace-004.jpg
Lovelace;lovelace-005.jpg;https://github.com/KodoK-Hugues/Workshop/blob/master/photos_Loveson/Lovelace/lovelace-005.jpg
Lovelace;lovelace-006.jpg;https://github.com/KodoK-Hugues/Workshop/blob/master/photos_Loveson/Lovelace/lovelace-006.jpg
Lovelace;lovelace-007.jpg;https://github.com/KodoK-Hugues/Workshop/blob/master/photos_Loveson/Lovelace/lovelace-007.jpg
Lovelace;lovelace-008.jpg;https://github.com/KodoK-Hugues/Workshop/blob/master/photos_Loveson/Lovelace/lovelace-008.jpg
Lovelace;lovelace-009.jpg;https://github.com/KodoK-Hugues/Workshop/blob/master/photos_Loveson/Lovelace/lovelace-009.jpg
Lovelace;lovelace-010.jpg;https://github.com/KodoK-Hugues/Workshop/blob/master/photos_Loveson/Lovelace/lovelace-010.jpg
Lovelace;lovelace-011.jpg;https://github.com/KodoK-Hugues/Workshop/blob/master/photos_Loveson/Lovelace/lovelace-011.jpg
Lovelace;lovelace-012.jpg;https://github.com/KodoK-Hugues/Workshop/blob/master/photos_Loveson/Lovelace/lovelace-012.jpg
Lovelace;lovelace-013.jpg;https://github.com/KodoK-Hugues/Workshop/blob/master/photos_Loveson/Lovelace/lovelace-013.jpg
Lovelace;lovelace-014.jpg;https://github.com/KodoK-Hugues/Workshop/blob/master/photos_Loveson/Lovelace/lovelace-014.jpg
Lovelace;lovelace-015.jpg;https://github.com/KodoK-Hugues/Workshop/blob/master/photos_Loveson/Lovelace/lovelace-015.jpg
Lovelace;lovelace-016.jpg;https://github.com/KodoK-Hugues/Workshop/blob/master/photos_Loveson/Lovelace/lovelace-016.jpg
Lovelace;lovelace-017.jpg;https://github.com/KodoK-Hugues/Workshop/blob/master/photos_Loveson/Lovelace/lovelace-017.jpg
Lovelace;lovelace-018.jpg;https://github.com/KodoK-Hugues/Workshop/blob/master/photos_Loveson/Lovelace/lovelace-018.jpg
Lovelace;lovelace-019.jpg;https://github.com/KodoK-Hugues/Workshop/blob/master/photos_Loveson/Lovelace/lovelace-019.jpg
Lovelace;lovelace-020.jpg;https://github.com/KodoK-Hugues/Workshop/blob/master/photos_Loveson/Lovelace/lovelace-020.jpg
Lovelace;lovelace-021.jpg;https://github.com/KodoK-Hugues/Workshop/blob/master/photos_Loveson/Lovelace/lovelace-021.jpg
Lovelace;lovelace-022.jpg;https://github.com/KodoK-Hugues/Workshop/blob/master/photos_Loveson/Lovelace/lovelace-022.jpg